file_name,change_type,repository_relative_path,absolute_directory,absolute_full_path,first_commit,last_commit,number_of_commits,current_status,category,rename_sources
pre-commit,M,.husky/pre-commit,/Users/blackforge/workspace/bwe/repos/repo_clean/.husky,/Users/blackforge/workspace/bwe/repos/repo_clean/.husky/pre-commit,34a41418bca3b7ee8fabca8407fc43f8b161fb09,34a41418bca3b7ee8fabca8407fc43f8b161fb09,1,tracked-present,other,
.lintstagedrc.json,M,.lintstagedrc.json,/Users/blackforge/workspace/bwe/repos/repo_clean,/Users/blackforge/workspace/bwe/repos/repo_clean/.lintstagedrc.json,34a41418bca3b7ee8fabca8407fc43f8b161fb09,34a41418bca3b7ee8fabca8407fc43f8b161fb09,1,tracked-present,other,
81426-1453_DB_TRACKING.md,A|M,docs/81426-1453_DB_TRACKING.md,/Users/blackforge/workspace/bwe/repos/repo_clean/docs,/Users/blackforge/workspace/bwe/repos/repo_clean/docs/81426-1453_DB_TRACKING.md,fee9f4b4dae0bc793033728d087c18ba5fab9fc5,08ba0cc3f346137ea9d26325b747ecf15382a81d,2,tracked-present,documentation,
BLACK_NEXT_SESSION_START_HERE.md,M,docs/BLACK_NEXT_SESSION_START_HERE.md,/Users/blackforge/workspace/bwe/repos/repo_clean/docs,/Users/blackforge/workspace/bwe/repos/repo_clean/docs/BLACK_NEXT_SESSION_START_HERE.md,5fa47a0e92f96241906a7d46d588295a9e6df23d,5fa47a0e92f96241906a7d46d588295a9e6df23d,1,tracked-present,documentation,
BLACK_OPEN_DEFECTS_AND_CLOSURE_QUEUE.md,M,docs/BLACK_OPEN_DEFECTS_AND_CLOSURE_QUEUE.md,/Users/blackforge/workspace/bwe/repos/repo_clean/docs,/Users/blackforge/workspace/bwe/repos/repo_clean/docs/BLACK_OPEN_DEFECTS_AND_CLOSURE_QUEUE.md,88273e1b7af21a89805d8c78e4957045a43c4fd3,d567218a895af81d65f45be7e16c24839815f586,4,tracked-present,documentation,
BWE_13_SECOND_MACHINE_PARITY_PROCEDURE.md,A,docs/BWE_13_SECOND_MACHINE_PARITY_PROCEDURE.md,/Users/blackforge/workspace/bwe/repos/repo_clean/docs,/Users/blackforge/workspace/bwe/repos/repo_clean/docs/BWE_13_SECOND_MACHINE_PARITY_PROCEDURE.md,fc018486ec199de957519639b8b3d5beb7e9a76c,fc018486ec199de957519639b8b3d5beb7e9a76c,1,tracked-present,documentation,
BWE_MASTER_TASK_LIST.md,M,docs/BWE_MASTER_TASK_LIST.md,/Users/blackforge/workspace/bwe/repos/repo_clean/docs,/Users/blackforge/workspace/bwe/repos/repo_clean/docs/BWE_MASTER_TASK_LIST.md,88273e1b7af21a89805d8c78e4957045a43c4fd3,d567218a895af81d65f45be7e16c24839815f586,4,tracked-present,documentation,
BWE_RUNNING_APPLICATION_FILE_CHANGES_2026-08-06_FORWARD.md,A|M,docs/BWE_RUNNING_APPLICATION_FILE_CHANGES_2026-08-06_FORWARD.md,/Users/blackforge/workspace/bwe/repos/repo_clean/docs,/Users/blackforge/workspace/bwe/repos/repo_clean/docs/BWE_RUNNING_APPLICATION_FILE_CHANGES_2026-08-06_FORWARD.md,1638a2533bda66627a51d3d67b51f6f11b208adf,03afd4b7ba5a713d723301326c783259912f88f6,11,tracked-present,documentation,
BWE_WORLD_CLASS_DECISION_LOG.md,A|M,docs/BWE_WORLD_CLASS_DECISION_LOG.md,/Users/blackforge/workspace/bwe/repos/repo_clean/docs,/Users/blackforge/workspace/bwe/repos/repo_clean/docs/BWE_WORLD_CLASS_DECISION_LOG.md,ea8f750c2533a00fd40312bfdf4dd607304a5640,1754ca6dbf6f0176948c3a2c7fd756a1d15200f4,3,tracked-present,documentation,
BWE_WORLD_CLASS_GAP_REGISTER.md,A|M,docs/BWE_WORLD_CLASS_GAP_REGISTER.md,/Users/blackforge/workspace/bwe/repos/repo_clean/docs,/Users/blackforge/workspace/bwe/repos/repo_clean/docs/BWE_WORLD_CLASS_GAP_REGISTER.md,ea8f750c2533a00fd40312bfdf4dd607304a5640,fc018486ec199de957519639b8b3d5beb7e9a76c,4,tracked-present,documentation,
BWE_WORLD_CLASS_MEASUREMENT_HISTORY.md,A|M,docs/BWE_WORLD_CLASS_MEASUREMENT_HISTORY.md,/Users/blackforge/workspace/bwe/repos/repo_clean/docs,/Users/blackforge/workspace/bwe/repos/repo_clean/docs/BWE_WORLD_CLASS_MEASUREMENT_HISTORY.md,ea8f750c2533a00fd40312bfdf4dd607304a5640,03afd4b7ba5a713d723301326c783259912f88f6,12,tracked-present,documentation,
BWE_WORLD_CLASS_PLATFORM_MASTER_PLAN.md,A|M,docs/BWE_WORLD_CLASS_PLATFORM_MASTER_PLAN.md,/Users/blackforge/workspace/bwe/repos/repo_clean/docs,/Users/blackforge/workspace/bwe/repos/repo_clean/docs/BWE_WORLD_CLASS_PLATFORM_MASTER_PLAN.md,ea8f750c2533a00fd40312bfdf4dd607304a5640,1754ca6dbf6f0176948c3a2c7fd756a1d15200f4,3,tracked-present,documentation,
BWE_WORLD_CLASS_PLATFORM_SCORECARD.md,A|M,docs/BWE_WORLD_CLASS_PLATFORM_SCORECARD.md,/Users/blackforge/workspace/bwe/repos/repo_clean/docs,/Users/blackforge/workspace/bwe/repos/repo_clean/docs/BWE_WORLD_CLASS_PLATFORM_SCORECARD.md,ea8f750c2533a00fd40312bfdf4dd607304a5640,03afd4b7ba5a713d723301326c783259912f88f6,8,tracked-present,documentation,
BWE_WORLD_CLASS_PROGRAM_BOARD.md,A|M,docs/BWE_WORLD_CLASS_PROGRAM_BOARD.md,/Users/blackforge/workspace/bwe/repos/repo_clean/docs,/Users/blackforge/workspace/bwe/repos/repo_clean/docs/BWE_WORLD_CLASS_PROGRAM_BOARD.md,ea8f750c2533a00fd40312bfdf4dd607304a5640,a5dfc666af83783ce815d81121f55bb0f674c21b,7,tracked-present,documentation,
CURRENT_BUILD_ALL_WORKSTREAMS_STATUS.md,M,docs/CURRENT_BUILD_ALL_WORKSTREAMS_STATUS.md,/Users/blackforge/workspace/bwe/repos/repo_clean/docs,/Users/blackforge/workspace/bwe/repos/repo_clean/docs/CURRENT_BUILD_ALL_WORKSTREAMS_STATUS.md,88273e1b7af21a89805d8c78e4957045a43c4fd3,03afd4b7ba5a713d723301326c783259912f88f6,21,tracked-present,documentation,
PAMFA_SELLER_BUSINESS_OWNER_DECISION_PACKET_2026-08-26.md,A,docs/PAMFA_SELLER_BUSINESS_OWNER_DECISION_PACKET_2026-08-26.md,/Users/blackforge/workspace/bwe/repos/repo_clean/docs,/Users/blackforge/workspace/bwe/repos/repo_clean/docs/PAMFA_SELLER_BUSINESS_OWNER_DECISION_PACKET_2026-08-26.md,ac2405a0d246da5215ba2929275865e830a3e4e5,ac2405a0d246da5215ba2929275865e830a3e4e5,1,tracked-present,documentation,
BWE_COMPLETE_FILE_MANIFEST_CURRENT.csv,M,docs/recovery/BWE_COMPLETE_FILE_MANIFEST_CURRENT.csv,/Users/blackforge/workspace/bwe/repos/repo_clean/docs/recovery,/Users/blackforge/workspace/bwe/repos/repo_clean/docs/recovery/BWE_COMPLETE_FILE_MANIFEST_CURRENT.csv,d567218a895af81d65f45be7e16c24839815f586,d567218a895af81d65f45be7e16c24839815f586,1,tracked-present,documentation,
next.config.ts,M,next.config.ts,/Users/blackforge/workspace/bwe/repos/repo_clean,/Users/blackforge/workspace/bwe/repos/repo_clean/next.config.ts,5cec09e9d8bb77a286e6d9c4678a42406d01b512,5cec09e9d8bb77a286e6d9c4678a42406d01b512,1,tracked-present,config,
package-lock.json,M,package-lock.json,/Users/blackforge/workspace/bwe/repos/repo_clean,/Users/blackforge/workspace/bwe/repos/repo_clean/package-lock.json,a05a941e9ca4e5e43200ed8d8ad6f49e146c8d7f,b614b91112582f597ffcc9969633db263de16cd7,9,tracked-present,config,
package.json,M,package.json,/Users/blackforge/workspace/bwe/repos/repo_clean,/Users/blackforge/workspace/bwe/repos/repo_clean/package.json,a05a941e9ca4e5e43200ed8d8ad6f49e146c8d7f,b614b91112582f597ffcc9969633db263de16cd7,7,tracked-present,config,
footer.tsx,M,src/components/footer.tsx,/Users/blackforge/workspace/bwe/repos/repo_clean/src/components,/Users/blackforge/workspace/bwe/repos/repo_clean/src/components/footer.tsx,c996a1b4d5b02b3b9dcfa65c245d234462072065,a5dfc666af83783ce815d81121f55bb0f674c21b,2,tracked-present,component,
NavBar.tsx,M,src/components/NavBar.tsx,/Users/blackforge/workspace/bwe/repos/repo_clean/src/components,/Users/blackforge/workspace/bwe/repos/repo_clean/src/components/NavBar.tsx,a5dfc666af83783ce815d81121f55bb0f674c21b,a5dfc666af83783ce815d81121f55bb0f674c21b,1,tracked-present,component,
button.tsx,M,src/components/ui/button.tsx,/Users/blackforge/workspace/bwe/repos/repo_clean/src/components/ui,/Users/blackforge/workspace/bwe/repos/repo_clean/src/components/ui/button.tsx,a5dfc666af83783ce815d81121f55bb0f674c21b,a5dfc666af83783ce815d81121f55bb0f674c21b,1,tracked-present,component,
card.tsx,M,src/components/ui/card.tsx,/Users/blackforge/workspace/bwe/repos/repo_clean/src/components/ui,/Users/blackforge/workspace/bwe/repos/repo_clean/src/components/ui/card.tsx,a5dfc666af83783ce815d81121f55bb0f674c21b,a5dfc666af83783ce815d81121f55bb0f674c21b,1,tracked-present,component,
instrumentation.ts,A,src/instrumentation.ts,/Users/blackforge/workspace/bwe/repos/repo_clean/src,/Users/blackforge/workspace/bwe/repos/repo_clean/src/instrumentation.ts,5cec09e9d8bb77a286e6d9c4678a42406d01b512,5cec09e9d8bb77a286e6d9c4678a42406d01b512,1,tracked-present,application-source,
image-upload-security-tests.mjs,A,src/lib/__tests__/image-upload-security-tests.mjs,/Users/blackforge/workspace/bwe/repos/repo_clean/src/lib/__tests__,/Users/blackforge/workspace/bwe/repos/repo_clean/src/lib/__tests__/image-upload-security-tests.mjs,ea474652aafd5583a99ca77ac00db8226c447e87,ea474652aafd5583a99ca77ac00db8226c447e87,1,tracked-present,library,
legacy-write-route-security-tests.mjs,A,src/lib/__tests__/legacy-write-route-security-tests.mjs,/Users/blackforge/workspace/bwe/repos/repo_clean/src/lib/__tests__,/Users/blackforge/workspace/bwe/repos/repo_clean/src/lib/__tests__/legacy-write-route-security-tests.mjs,6cc5b8a639ffef3932ab03b87a0f3785d55f0af8,6cc5b8a639ffef3932ab03b87a0f3785d55f0af8,1,tracked-present,library,
sharp-runtime-defense-tests.mjs,A,src/lib/__tests__/sharp-runtime-defense-tests.mjs,/Users/blackforge/workspace/bwe/repos/repo_clean/src/lib/__tests__,/Users/blackforge/workspace/bwe/repos/repo_clean/src/lib/__tests__/sharp-runtime-defense-tests.mjs,5cec09e9d8bb77a286e6d9c4678a42406d01b512,5cec09e9d8bb77a286e6d9c4678a42406d01b512,1,tracked-present,library,
businessSubmission.ts,M,src/lib/businessSubmission.ts,/Users/blackforge/workspace/bwe/repos/repo_clean/src/lib,/Users/blackforge/workspace/bwe/repos/repo_clean/src/lib/businessSubmission.ts,c996a1b4d5b02b3b9dcfa65c245d234462072065,c996a1b4d5b02b3b9dcfa65c245d234462072065,1,tracked-present,library,
createProductCheckoutSession.ts,M,src/lib/checkout/createProductCheckoutSession.ts,/Users/blackforge/workspace/bwe/repos/repo_clean/src/lib/checkout,/Users/blackforge/workspace/bwe/repos/repo_clean/src/lib/checkout/createProductCheckoutSession.ts,665a1193d180d9c3c2bc79dda6bba8310d477416,665a1193d180d9c3c2bc79dda6bba8310d477416,1,tracked-present,library,
marketplaceBmev.ts,A,src/lib/economics/marketplaceBmev.ts,/Users/blackforge/workspace/bwe/repos/repo_clean/src/lib/economics,/Users/blackforge/workspace/bwe/repos/repo_clean/src/lib/economics/marketplaceBmev.ts,665a1193d180d9c3c2bc79dda6bba8310d477416,665a1193d180d9c3c2bc79dda6bba8310d477416,1,tracked-present,library,
firebase.ts,D,src/lib/firebase.ts,/Users/blackforge/workspace/bwe/repos/repo_clean/src/lib,/Users/blackforge/workspace/bwe/repos/repo_clean/src/lib/firebase.ts,b614b91112582f597ffcc9969633db263de16cd7,b614b91112582f597ffcc9969633db263de16cd7,1,deleted-in-window,library,
founding-membership.ts,M,src/lib/founding-membership.ts,/Users/blackforge/workspace/bwe/repos/repo_clean/src/lib,/Users/blackforge/workspace/bwe/repos/repo_clean/src/lib/founding-membership.ts,c996a1b4d5b02b3b9dcfa65c245d234462072065,c996a1b4d5b02b3b9dcfa65c245d234462072065,1,tracked-present,library,
package1-tests.ts,M,src/lib/marketplace/__tests__/package1-tests.ts,/Users/blackforge/workspace/bwe/repos/repo_clean/src/lib/marketplace/__tests__,/Users/blackforge/workspace/bwe/repos/repo_clean/src/lib/marketplace/__tests__/package1-tests.ts,665a1193d180d9c3c2bc79dda6bba8310d477416,665a1193d180d9c3c2bc79dda6bba8310d477416,1,tracked-present,library,
businessAttribution.ts,A,src/lib/marketplace/businessAttribution.ts,/Users/blackforge/workspace/bwe/repos/repo_clean/src/lib/marketplace,/Users/blackforge/workspace/bwe/repos/repo_clean/src/lib/marketplace/businessAttribution.ts,665a1193d180d9c3c2bc79dda6bba8310d477416,665a1193d180d9c3c2bc79dda6bba8310d477416,1,tracked-present,library,
paymentLinkage.ts,M,src/lib/marketplace/paymentLinkage.ts,/Users/blackforge/workspace/bwe/repos/repo_clean/src/lib/marketplace,/Users/blackforge/workspace/bwe/repos/repo_clean/src/lib/marketplace/paymentLinkage.ts,665a1193d180d9c3c2bc79dda6bba8310d477416,665a1193d180d9c3c2bc79dda6bba8310d477416,1,tracked-present,library,
imageUploadValidation.ts,A,src/lib/security/imageUploadValidation.ts,/Users/blackforge/workspace/bwe/repos/repo_clean/src/lib/security,/Users/blackforge/workspace/bwe/repos/repo_clean/src/lib/security/imageUploadValidation.ts,ea474652aafd5583a99ca77ac00db8226c447e87,ea474652aafd5583a99ca77ac00db8226c447e87,1,tracked-present,library,
lifecycle-tests.mjs,A,src/lib/studentHub/__tests__/lifecycle-tests.mjs,/Users/blackforge/workspace/bwe/repos/repo_clean/src/lib/studentHub/__tests__,/Users/blackforge/workspace/bwe/repos/repo_clean/src/lib/studentHub/__tests__/lifecycle-tests.mjs,a49dbc055081ffbc50c7bef50a9b8b21e2966cf7,a49dbc055081ffbc50c7bef50a9b8b21e2966cf7,1,tracked-present,library,
repository-tests.mjs,A,src/lib/studentHub/__tests__/repository-tests.mjs,/Users/blackforge/workspace/bwe/repos/repo_clean/src/lib/studentHub/__tests__,/Users/blackforge/workspace/bwe/repos/repo_clean/src/lib/studentHub/__tests__/repository-tests.mjs,a49dbc055081ffbc50c7bef50a9b8b21e2966cf7,a49dbc055081ffbc50c7bef50a9b8b21e2966cf7,1,tracked-present,library,
catalog.ts,A|M,src/lib/studentHub/catalog.ts,/Users/blackforge/workspace/bwe/repos/repo_clean/src/lib/studentHub,/Users/blackforge/workspace/bwe/repos/repo_clean/src/lib/studentHub/catalog.ts,7845d42b64868b9c313efb79050ebaecccaf3c94,8b3bf7e1a75cce14957622c317e0f331bf1ce358,2,tracked-present,library,
legacy.ts,A,src/lib/studentHub/legacy.ts,/Users/blackforge/workspace/bwe/repos/repo_clean/src/lib/studentHub,/Users/blackforge/workspace/bwe/repos/repo_clean/src/lib/studentHub/legacy.ts,8b3bf7e1a75cce14957622c317e0f331bf1ce358,8b3bf7e1a75cce14957622c317e0f331bf1ce358,1,tracked-present,library,
lifecycle.ts,A,src/lib/studentHub/lifecycle.ts,/Users/blackforge/workspace/bwe/repos/repo_clean/src/lib/studentHub,/Users/blackforge/workspace/bwe/repos/repo_clean/src/lib/studentHub/lifecycle.ts,8b3bf7e1a75cce14957622c317e0f331bf1ce358,8b3bf7e1a75cce14957622c317e0f331bf1ce358,1,tracked-present,library,
public.ts,A,src/lib/studentHub/public.ts,/Users/blackforge/workspace/bwe/repos/repo_clean/src/lib/studentHub,/Users/blackforge/workspace/bwe/repos/repo_clean/src/lib/studentHub/public.ts,a49dbc055081ffbc50c7bef50a9b8b21e2966cf7,a49dbc055081ffbc50c7bef50a9b8b21e2966cf7,1,tracked-present,library,
repository.ts,A,src/lib/studentHub/repository.ts,/Users/blackforge/workspace/bwe/repos/repo_clean/src/lib/studentHub,/Users/blackforge/workspace/bwe/repos/repo_clean/src/lib/studentHub/repository.ts,a49dbc055081ffbc50c7bef50a9b8b21e2966cf7,a49dbc055081ffbc50c7bef50a9b8b21e2966cf7,1,tracked-present,library,
_app.tsx,M,src/pages/_app.tsx,/Users/blackforge/workspace/bwe/repos/repo_clean/src/pages,/Users/blackforge/workspace/bwe/repos/repo_clean/src/pages/_app.tsx,a5dfc666af83783ce815d81121f55bb0f674c21b,a5dfc666af83783ce815d81121f55bb0f674c21b,1,tracked-present,page,
business-approvals.tsx,M,src/pages/admin/business-approvals.tsx,/Users/blackforge/workspace/bwe/repos/repo_clean/src/pages/admin,/Users/blackforge/workspace/bwe/repos/repo_clean/src/pages/admin/business-approvals.tsx,c996a1b4d5b02b3b9dcfa65c245d234462072065,c996a1b4d5b02b3b9dcfa65c245d234462072065,1,tracked-present,page,
claim-verification.tsx,M,src/pages/admin/claim-verification.tsx,/Users/blackforge/workspace/bwe/repos/repo_clean/src/pages/admin,/Users/blackforge/workspace/bwe/repos/repo_clean/src/pages/admin/claim-verification.tsx,c996a1b4d5b02b3b9dcfa65c245d234462072065,c996a1b4d5b02b3b9dcfa65c245d234462072065,1,tracked-present,page,
dashboard.tsx,M,src/pages/admin/dashboard.tsx,/Users/blackforge/workspace/bwe/repos/repo_clean/src/pages/admin,/Users/blackforge/workspace/bwe/repos/repo_clean/src/pages/admin/dashboard.tsx,b91b90c7076fe6477026c617fa11871dc644abbe,b91b90c7076fe6477026c617fa11871dc644abbe,1,tracked-present,page,
student-hub.tsx,A|M,src/pages/admin/student-hub.tsx,/Users/blackforge/workspace/bwe/repos/repo_clean/src/pages/admin,/Users/blackforge/workspace/bwe/repos/repo_clean/src/pages/admin/student-hub.tsx,38d16818aae72507217968f750d26b2e66fcfe03,a49dbc055081ffbc50c7bef50a9b8b21e2966cf7,2,tracked-present,page,
dashboard-stats.ts,M,src/pages/api/admin/dashboard-stats.ts,/Users/blackforge/workspace/bwe/repos/repo_clean/src/pages/api/admin,/Users/blackforge/workspace/bwe/repos/repo_clean/src/pages/api/admin/dashboard-stats.ts,55b539c979ac7c737f2c40bb82fa4f1c095b6a8d,55b539c979ac7c737f2c40bb82fa4f1c095b6a8d,1,tracked-present,api-route,
student-hub.ts,A|M,src/pages/api/admin/student-hub.ts,/Users/blackforge/workspace/bwe/repos/repo_clean/src/pages/api/admin,/Users/blackforge/workspace/bwe/repos/repo_clean/src/pages/api/admin/student-hub.ts,38d16818aae72507217968f750d26b2e66fcfe03,a49dbc055081ffbc50c7bef50a9b8b21e2966cf7,2,tracked-present,api-route,
me.ts,M,src/pages/api/auth/me.ts,/Users/blackforge/workspace/bwe/repos/repo_clean/src/pages/api/auth,/Users/blackforge/workspace/bwe/repos/repo_clean/src/pages/api/auth/me.ts,c7ecbc38d54ba45c00c60af152820a3e7d89c73a,c7ecbc38d54ba45c00c60af152820a3e7d89c73a,1,tracked-present,api-route,
create.ts,M,src/pages/api/business/create.ts,/Users/blackforge/workspace/bwe/repos/repo_clean/src/pages/api/business,/Users/blackforge/workspace/bwe/repos/repo_clean/src/pages/api/business/create.ts,c996a1b4d5b02b3b9dcfa65c245d234462072065,c996a1b4d5b02b3b9dcfa65c245d234462072065,1,tracked-present,api-route,
media.ts,M,src/pages/api/business/media.ts,/Users/blackforge/workspace/bwe/repos/repo_clean/src/pages/api/business,/Users/blackforge/workspace/bwe/repos/repo_clean/src/pages/api/business/media.ts,ea474652aafd5583a99ca77ac00db8226c447e87,ea474652aafd5583a99ca77ac00db8226c447e87,1,tracked-present,api-route,
generate.ts,M,src/pages/api/certificates/generate.ts,/Users/blackforge/workspace/bwe/repos/repo_clean/src/pages/api/certificates,/Users/blackforge/workspace/bwe/repos/repo_clean/src/pages/api/certificates/generate.ts,c7ea4fff7451348d801bc969e3c8126c7f8738e9,c7ea4fff7451348d801bc969e3c8126c7f8738e9,1,tracked-present,api-route,
enroll.ts,M,src/pages/api/courses/enroll.ts,/Users/blackforge/workspace/bwe/repos/repo_clean/src/pages/api/courses,/Users/blackforge/workspace/bwe/repos/repo_clean/src/pages/api/courses/enroll.ts,c7ea4fff7451348d801bc969e3c8126c7f8738e9,c7ea4fff7451348d801bc969e3c8126c7f8738e9,1,tracked-present,api-route,
internships.ts,A|M,src/pages/api/feeds/internships.ts,/Users/blackforge/workspace/bwe/repos/repo_clean/src/pages/api/feeds,/Users/blackforge/workspace/bwe/repos/repo_clean/src/pages/api/feeds/internships.ts,7845d42b64868b9c313efb79050ebaecccaf3c94,a49dbc055081ffbc50c7bef50a9b8b21e2966cf7,2,tracked-present,api-route,
scholarships.ts,A|M,src/pages/api/feeds/scholarships.ts,/Users/blackforge/workspace/bwe/repos/repo_clean/src/pages/api/feeds,/Users/blackforge/workspace/bwe/repos/repo_clean/src/pages/api/feeds/scholarships.ts,7845d42b64868b9c313efb79050ebaecccaf3c94,a49dbc055081ffbc50c7bef50a9b8b21e2966cf7,2,tracked-present,api-route,
evidence.ts,M,src/pages/api/founding-membership/evidence.ts,/Users/blackforge/workspace/bwe/repos/repo_clean/src/pages/api/founding-membership,/Users/blackforge/workspace/bwe/repos/repo_clean/src/pages/api/founding-membership/evidence.ts,c996a1b4d5b02b3b9dcfa65c245d234462072065,c996a1b4d5b02b3b9dcfa65c245d234462072065,1,tracked-present,api-route,
add-product.ts,M,src/pages/api/marketplace/add-product.ts,/Users/blackforge/workspace/bwe/repos/repo_clean/src/pages/api/marketplace,/Users/blackforge/workspace/bwe/repos/repo_clean/src/pages/api/marketplace/add-product.ts,ea474652aafd5583a99ca77ac00db8226c447e87,ea474652aafd5583a99ca77ac00db8226c447e87,1,tracked-present,api-route,
create.ts,M,src/pages/api/marketplace/create.ts,/Users/blackforge/workspace/bwe/repos/repo_clean/src/pages/api/marketplace,/Users/blackforge/workspace/bwe/repos/repo_clean/src/pages/api/marketplace/create.ts,421de3e36cf2abcb8f5002a3e7b3a17deff2d232,421de3e36cf2abcb8f5002a3e7b3a17deff2d232,1,tracked-present,api-route,
order-confirmation.ts,A,src/pages/api/marketplace/order-confirmation.ts,/Users/blackforge/workspace/bwe/repos/repo_clean/src/pages/api/marketplace,/Users/blackforge/workspace/bwe/repos/repo_clean/src/pages/api/marketplace/order-confirmation.ts,665a1193d180d9c3c2bc79dda6bba8310d477416,665a1193d180d9c3c2bc79dda6bba8310d477416,1,tracked-present,api-route,
send.ts,M,src/pages/api/messages/send.ts,/Users/blackforge/workspace/bwe/repos/repo_clean/src/pages/api/messages,/Users/blackforge/workspace/bwe/repos/repo_clean/src/pages/api/messages/send.ts,421de3e36cf2abcb8f5002a3e7b3a17deff2d232,421de3e36cf2abcb8f5002a3e7b3a17deff2d232,1,tracked-present,api-route,
latest.ts,A|M,src/pages/api/opportunities/latest.ts,/Users/blackforge/workspace/bwe/repos/repo_clean/src/pages/api/opportunities,/Users/blackforge/workspace/bwe/repos/repo_clean/src/pages/api/opportunities/latest.ts,7845d42b64868b9c313efb79050ebaecccaf3c94,a49dbc055081ffbc50c7bef50a9b8b21e2966cf7,2,tracked-present,api-route,
avatar.ts,M,src/pages/api/profile/avatar.ts,/Users/blackforge/workspace/bwe/repos/repo_clean/src/pages/api/profile,/Users/blackforge/workspace/bwe/repos/repo_clean/src/pages/api/profile/avatar.ts,ea474652aafd5583a99ca77ac00db8226c447e87,ea474652aafd5583a99ca77ac00db8226c447e87,1,tracked-present,api-route,
add.ts,M,src/pages/api/savedjobs/add.ts,/Users/blackforge/workspace/bwe/repos/repo_clean/src/pages/api/savedjobs,/Users/blackforge/workspace/bwe/repos/repo_clean/src/pages/api/savedjobs/add.ts,2512a12bc2796711c748ed0f7a015a333cc23c6d,2512a12bc2796711c748ed0f7a015a333cc23c6d,1,tracked-present,api-route,
webhook-handler.ts,M,src/pages/api/stripe/webhook-handler.ts,/Users/blackforge/workspace/bwe/repos/repo_clean/src/pages/api/stripe,/Users/blackforge/workspace/bwe/repos/repo_clean/src/pages/api/stripe/webhook-handler.ts,c996a1b4d5b02b3b9dcfa65c245d234462072065,665a1193d180d9c3c2bc79dda6bba8310d477416,3,tracked-present,api-route,
opportunities.ts,A|M,src/pages/api/student-hub/opportunities.ts,/Users/blackforge/workspace/bwe/repos/repo_clean/src/pages/api/student-hub,/Users/blackforge/workspace/bwe/repos/repo_clean/src/pages/api/student-hub/opportunities.ts,7845d42b64868b9c313efb79050ebaecccaf3c94,a49dbc055081ffbc50c7bef50a9b8b21e2966cf7,3,tracked-present,api-route,
create.ts,M,src/pages/api/support/create.ts,/Users/blackforge/workspace/bwe/repos/repo_clean/src/pages/api/support,/Users/blackforge/workspace/bwe/repos/repo_clean/src/pages/api/support/create.ts,2512a12bc2796711c748ed0f7a015a333cc23c6d,2512a12bc2796711c748ed0f7a015a333cc23c6d,1,tracked-present,api-route,
black-business-websites.tsx,M,src/pages/black-business-websites.tsx,/Users/blackforge/workspace/bwe/repos/repo_clean/src/pages,/Users/blackforge/workspace/bwe/repos/repo_clean/src/pages/black-business-websites.tsx,c996a1b4d5b02b3b9dcfa65c245d234462072065,c996a1b4d5b02b3b9dcfa65c245d234462072065,1,tracked-present,page,
index.tsx,M,src/pages/black-card/index.tsx,/Users/blackforge/workspace/bwe/repos/repo_clean/src/pages/black-card,/Users/blackforge/workspace/bwe/repos/repo_clean/src/pages/black-card/index.tsx,fad902f66bdcfe6109e9e2cb2a5c85e0e958969b,fad902f66bdcfe6109e9e2cb2a5c85e0e958969b,1,tracked-present,page,
grants.tsx,M,src/pages/black-student-opportunities/grants.tsx,/Users/blackforge/workspace/bwe/repos/repo_clean/src/pages/black-student-opportunities,/Users/blackforge/workspace/bwe/repos/repo_clean/src/pages/black-student-opportunities/grants.tsx,8b3bf7e1a75cce14957622c317e0f331bf1ce358,a49dbc055081ffbc50c7bef50a9b8b21e2966cf7,2,tracked-present,page,
index.tsx,M,src/pages/black-student-opportunities/index.tsx,/Users/blackforge/workspace/bwe/repos/repo_clean/src/pages/black-student-opportunities,/Users/blackforge/workspace/bwe/repos/repo_clean/src/pages/black-student-opportunities/index.tsx,7845d42b64868b9c313efb79050ebaecccaf3c94,faff2cdfb6e556c8e8cbc5d35beececa74e16610,4,tracked-present,page,
internships.tsx,M,src/pages/black-student-opportunities/internships.tsx,/Users/blackforge/workspace/bwe/repos/repo_clean/src/pages/black-student-opportunities,/Users/blackforge/workspace/bwe/repos/repo_clean/src/pages/black-student-opportunities/internships.tsx,8b3bf7e1a75cce14957622c317e0f331bf1ce358,a49dbc055081ffbc50c7bef50a9b8b21e2966cf7,2,tracked-present,page,
mentorship.tsx,M,src/pages/black-student-opportunities/mentorship.tsx,/Users/blackforge/workspace/bwe/repos/repo_clean/src/pages/black-student-opportunities,/Users/blackforge/workspace/bwe/repos/repo_clean/src/pages/black-student-opportunities/mentorship.tsx,8b3bf7e1a75cce14957622c317e0f331bf1ce358,a49dbc055081ffbc50c7bef50a9b8b21e2966cf7,2,tracked-present,page,
scholarships.tsx,M,src/pages/black-student-opportunities/scholarships.tsx,/Users/blackforge/workspace/bwe/repos/repo_clean/src/pages/black-student-opportunities,/Users/blackforge/workspace/bwe/repos/repo_clean/src/pages/black-student-opportunities/scholarships.tsx,8b3bf7e1a75cce14957622c317e0f331bf1ce358,a49dbc055081ffbc50c7bef50a9b8b21e2966cf7,2,tracked-present,page,
business-directory.tsx,M,src/pages/business-directory.tsx,/Users/blackforge/workspace/bwe/repos/repo_clean/src/pages,/Users/blackforge/workspace/bwe/repos/repo_clean/src/pages/business-directory.tsx,aec329ca6c15a053ede2f256cea686670d13afdc,aec329ca6c15a053ede2f256cea686670d13afdc,1,tracked-present,page,
course-dashboard.tsx,M,src/pages/course-dashboard.tsx,/Users/blackforge/workspace/bwe/repos/repo_clean/src/pages,/Users/blackforge/workspace/bwe/repos/repo_clean/src/pages/course-dashboard.tsx,b9efc79a9c13a2ce8fbc8db397a7e30cbdc13ec4,b9efc79a9c13a2ce8fbc8db397a7e30cbdc13ec4,1,tracked-present,page,
course-enrollment.tsx,M,src/pages/course-enrollment.tsx,/Users/blackforge/workspace/bwe/repos/repo_clean/src/pages,/Users/blackforge/workspace/bwe/repos/repo_clean/src/pages/course-enrollment.tsx,b9efc79a9c13a2ce8fbc8db397a7e30cbdc13ec4,b9efc79a9c13a2ce8fbc8db397a7e30cbdc13ec4,1,tracked-present,page,
financial-literacy.tsx,M,src/pages/financial-literacy.tsx,/Users/blackforge/workspace/bwe/repos/repo_clean/src/pages,/Users/blackforge/workspace/bwe/repos/repo_clean/src/pages/financial-literacy.tsx,b9efc79a9c13a2ce8fbc8db397a7e30cbdc13ec4,b9efc79a9c13a2ce8fbc8db397a7e30cbdc13ec4,1,tracked-present,page,
evidence.tsx,M,src/pages/founding-membership/evidence.tsx,/Users/blackforge/workspace/bwe/repos/repo_clean/src/pages/founding-membership,/Users/blackforge/workspace/bwe/repos/repo_clean/src/pages/founding-membership/evidence.tsx,c996a1b4d5b02b3b9dcfa65c245d234462072065,c996a1b4d5b02b3b9dcfa65c245d234462072065,1,tracked-present,page,
index.tsx,M,src/pages/index.tsx,/Users/blackforge/workspace/bwe/repos/repo_clean/src/pages,/Users/blackforge/workspace/bwe/repos/repo_clean/src/pages/index.tsx,ceeb5957132d575d7b91458de9eb06d147413839,94b0f45957a48e1100445e98ba1c2509e9eda223,5,tracked-present,page,
job-listings.tsx,M,src/pages/job-listings.tsx,/Users/blackforge/workspace/bwe/repos/repo_clean/src/pages,/Users/blackforge/workspace/bwe/repos/repo_clean/src/pages/job-listings.tsx,aec329ca6c15a053ede2f256cea686670d13afdc,aec329ca6c15a053ede2f256cea686670d13afdc,1,tracked-present,page,
jobs.tsx,M,src/pages/jobs.tsx,/Users/blackforge/workspace/bwe/repos/repo_clean/src/pages,/Users/blackforge/workspace/bwe/repos/repo_clean/src/pages/jobs.tsx,aec329ca6c15a053ede2f256cea686670d13afdc,aec329ca6c15a053ede2f256cea686670d13afdc,1,tracked-present,page,
learning.tsx,M,src/pages/learning.tsx,/Users/blackforge/workspace/bwe/repos/repo_clean/src/pages,/Users/blackforge/workspace/bwe/repos/repo_clean/src/pages/learning.tsx,b9efc79a9c13a2ce8fbc8db397a7e30cbdc13ec4,b9efc79a9c13a2ce8fbc8db397a7e30cbdc13ec4,1,tracked-present,page,
index.tsx,M,src/pages/marketplace/index.tsx,/Users/blackforge/workspace/bwe/repos/repo_clean/src/pages/marketplace,/Users/blackforge/workspace/bwe/repos/repo_clean/src/pages/marketplace/index.tsx,ceeb5957132d575d7b91458de9eb06d147413839,ac8831a69a5d510bb356aab3d0fd0490a135e6d6,2,tracked-present,page,
[id].tsx,M,src/pages/marketplace/product/[id].tsx,/Users/blackforge/workspace/bwe/repos/repo_clean/src/pages/marketplace/product,/Users/blackforge/workspace/bwe/repos/repo_clean/src/pages/marketplace/product/[id].tsx,ceeb5957132d575d7b91458de9eb06d147413839,ac8831a69a5d510bb356aab3d0fd0490a135e6d6,2,tracked-present,page,
music.tsx,M,src/pages/music.tsx,/Users/blackforge/workspace/bwe/repos/repo_clean/src/pages,/Users/blackforge/workspace/bwe/repos/repo_clean/src/pages/music.tsx,706273a206c87a02987b4c5802a1ca458e1ed42a,706273a206c87a02987b4c5802a1ca458e1ed42a,1,tracked-present,page,
join.tsx,M,src/pages/music/join.tsx,/Users/blackforge/workspace/bwe/repos/repo_clean/src/pages/music,/Users/blackforge/workspace/bwe/repos/repo_clean/src/pages/music/join.tsx,706273a206c87a02987b4c5802a1ca458e1ed42a,706273a206c87a02987b4c5802a1ca458e1ed42a,1,tracked-present,page,
pricing.tsx,M,src/pages/music/pricing.tsx,/Users/blackforge/workspace/bwe/repos/repo_clean/src/pages/music,/Users/blackforge/workspace/bwe/repos/repo_clean/src/pages/music/pricing.tsx,706273a206c87a02987b4c5802a1ca458e1ed42a,706273a206c87a02987b4c5802a1ca458e1ed42a,1,tracked-present,page,
payment-success.tsx,M,src/pages/payment-success.tsx,/Users/blackforge/workspace/bwe/repos/repo_clean/src/pages,/Users/blackforge/workspace/bwe/repos/repo_clean/src/pages/payment-success.tsx,665a1193d180d9c3c2bc79dda6bba8310d477416,665a1193d180d9c3c2bc79dda6bba8310d477416,1,tracked-present,page,
pricing.tsx,M,src/pages/pricing.tsx,/Users/blackforge/workspace/bwe/repos/repo_clean/src/pages,/Users/blackforge/workspace/bwe/repos/repo_clean/src/pages/pricing.tsx,fad902f66bdcfe6109e9e2cb2a5c85e0e958969b,fad902f66bdcfe6109e9e2cb2a5c85e0e958969b,1,tracked-present,page,
articles.tsx,M,src/pages/resources/articles.tsx,/Users/blackforge/workspace/bwe/repos/repo_clean/src/pages/resources,/Users/blackforge/workspace/bwe/repos/repo_clean/src/pages/resources/articles.tsx,94b0f45957a48e1100445e98ba1c2509e9eda223,94b0f45957a48e1100445e98ba1c2509e9eda223,1,tracked-present,page,
index.tsx,M,src/pages/resources/index.tsx,/Users/blackforge/workspace/bwe/repos/repo_clean/src/pages/resources,/Users/blackforge/workspace/bwe/repos/repo_clean/src/pages/resources/index.tsx,94b0f45957a48e1100445e98ba1c2509e9eda223,94b0f45957a48e1100445e98ba1c2509e9eda223,1,tracked-present,page,
start-here.tsx,M,src/pages/start-here.tsx,/Users/blackforge/workspace/bwe/repos/repo_clean/src/pages,/Users/blackforge/workspace/bwe/repos/repo_clean/src/pages/start-here.tsx,ceeb5957132d575d7b91458de9eb06d147413839,ac8831a69a5d510bb356aab3d0fd0490a135e6d6,2,tracked-present,page,
marketplace.tsx,M,src/pages/support/marketplace.tsx,/Users/blackforge/workspace/bwe/repos/repo_clean/src/pages/support,/Users/blackforge/workspace/bwe/repos/repo_clean/src/pages/support/marketplace.tsx,c996a1b4d5b02b3b9dcfa65c245d234462072065,c996a1b4d5b02b3b9dcfa65c245d234462072065,1,tracked-present,page,
releases.tsx,M,src/pages/support/releases.tsx,/Users/blackforge/workspace/bwe/repos/repo_clean/src/pages/support,/Users/blackforge/workspace/bwe/repos/repo_clean/src/pages/support/releases.tsx,c996a1b4d5b02b3b9dcfa65c245d234462072065,c996a1b4d5b02b3b9dcfa65c245d234462072065,1,tracked-present,page,
globals.css,M,src/styles/globals.css,/Users/blackforge/workspace/bwe/repos/repo_clean/src/styles,/Users/blackforge/workspace/bwe/repos/repo_clean/src/styles/globals.css,a5dfc666af83783ce815d81121f55bb0f674c21b,aec329ca6c15a053ede2f256cea686670d13afdc,4,tracked-present,style,
